timestamp,state,type,status,listing_id,title,images,error
2026-04-12T15:47:33,Alabama,digital,dry_run,,"Alabama Topographic Map Digital Download | Elevation Relief Art, State Map Print, Geography Gift",9,
2026-04-12T15:47:33,Alabama,print,dry_run,,"Alabama Topographic Map Print | Elevation Relief Wall Art, State Poster, Terrain Map Gift",9,
2026-04-12T15:47:33,Alaska,digital,dry_run,,"Alaska Topographic Map Digital Download | Elevation Relief Art, State Map Print, Geography Gift",8,
2026-04-12T15:47:33,Alaska,print,dry_run,,"Alaska Topographic Map Print | Elevation Relief Wall Art, State Poster, Terrain Map Gift",8,
2026-04-12T15:47:33,Arizona,digital,dry_run,,"Arizona Topographic Map Digital Download | Elevation Relief Art, State Map Print, Geography Gift",9,
2026-04-12T15:47:33,Arizona,print,dry_run,,"Arizona Topographic Map Print | Elevation Relief Wall Art, State Poster, Terrain Map Gift",9,
2026-04-12T15:47:33,Arkansas,digital,dry_run,,"Arkansas Topographic Map Digital Download | Elevation Relief Art, State Map Print, Geography Gift",8,
2026-04-12T15:47:33,Arkansas,print,dry_run,,"Arkansas Topographic Map Print | Elevation Relief Wall Art, State Poster, Terrain Map Gift",8,
2026-04-12T15:47:33,California,digital,dry_run,,"California Topographic Map Digital Download | Elevation Relief Art, State Map Print, Geography Gift",9,
2026-04-12T15:47:33,California,print,dry_run,,"California Topographic Map Print | Elevation Relief Wall Art, State Poster, Terrain Map Gift",9,
2026-04-12T15:47:33,Colorado,digital,dry_run,,"Colorado Topographic Map Digital Download | Elevation Relief Art, State Map Print, Geography Gift",8,
2026-04-12T15:47:33,Colorado,print,dry_run,,"Colorado Topographic Map Print | Elevation Relief Wall Art, State Poster, Terrain Map Gift",8,
2026-04-12T15:47:33,Connecticut,digital,dry_run,,"Connecticut Topographic Map Digital Download | Elevation Relief Art, State Map Print, Geography Gift",8,
2026-04-12T15:47:33,Connecticut,print,dry_run,,"Connecticut Topographic Map Print | Elevation Relief Wall Art, State Poster, Terrain Map Gift",8,
2026-04-12T15:47:33,Delaware,digital,dry_run,,"Delaware Topographic Map Digital Download | Elevation Relief Art, State Map Print, Geography Gift",9,
2026-04-12T15:47:33,Delaware,print,dry_run,,"Delaware Topographic Map Print | Elevation Relief Wall Art, State Poster, Terrain Map Gift",9,
2026-04-12T15:47:33,Florida,digital,dry_run,,"Florida Topographic Map Digital Download | Elevation Relief Art, State Map Print, Geography Gift",8,
2026-04-12T15:47:33,Florida,print,dry_run,,"Florida Topographic Map Print | Elevation Relief Wall Art, State Poster, Terrain Map Gift",8,
2026-04-12T15:47:33,Georgia,digital,dry_run,,"Georgia Topographic Map Digital Download | Elevation Relief Art, State Map Print, Geography Gift",9,
2026-04-12T15:47:33,Georgia,print,dry_run,,"Georgia Topographic Map Print | Elevation Relief Wall Art, State Poster, Terrain Map Gift",9,
2026-04-12T15:47:33,Hawaii,digital,dry_run,,"Hawaii Topographic Map Digital Download | Elevation Relief Art, State Map Print, Geography Gift",8,
2026-04-12T15:47:33,Hawaii,print,dry_run,,"Hawaii Topographic Map Print | Elevation Relief Wall Art, State Poster, Terrain Map Gift",8,
2026-04-12T15:47:33,Idaho,digital,dry_run,,"Idaho Topographic Map Digital Download | Elevation Relief Art, State Map Print, Geography Gift",9,
2026-04-12T15:47:33,Idaho,print,dry_run,,"Idaho Topographic Map Print | Elevation Relief Wall Art, State Poster, Terrain Map Gift",9,
2026-04-12T15:47:33,Illinois,digital,dry_run,,"Illinois Topographic Map Digital Download | Elevation Relief Art, State Map Print, Geography Gift",9,
2026-04-12T15:47:33,Illinois,print,dry_run,,"Illinois Topographic Map Print | Elevation Relief Wall Art, State Poster, Terrain Map Gift",9,
2026-04-12T15:47:33,Indiana,digital,dry_run,,"Indiana Topographic Map Digital Download | Elevation Relief Art, State Map Print, Geography Gift",9,
2026-04-12T15:47:33,Indiana,print,dry_run,,"Indiana Topographic Map Print | Elevation Relief Wall Art, State Poster, Terrain Map Gift",9,
2026-04-12T15:47:33,Iowa,digital,dry_run,,"Iowa Topographic Map Digital Download | Elevation Relief Art, State Map Print, Geography Gift",8,
2026-04-12T15:47:33,Iowa,print,dry_run,,"Iowa Topographic Map Print | Elevation Relief Wall Art, State Poster, Terrain Map Gift",8,
2026-04-12T15:47:33,Kansas,digital,dry_run,,"Kansas Topographic Map Digital Download | Elevation Relief Art, State Map Print, Geography Gift",8,
2026-04-12T15:47:33,Kansas,print,dry_run,,"Kansas Topographic Map Print | Elevation Relief Wall Art, State Poster, Terrain Map Gift",8,
2026-04-12T15:47:33,Kentucky,digital,dry_run,,"Kentucky Topographic Map Digital Download | Elevation Relief Art, State Map Print, Geography Gift",8,
2026-04-12T15:47:33,Kentucky,print,dry_run,,"Kentucky Topographic Map Print | Elevation Relief Wall Art, State Poster, Terrain Map Gift",8,
2026-04-12T15:47:33,Louisiana,digital,dry_run,,"Louisiana Topographic Map Digital Download | Elevation Relief Art, State Map Print, Geography Gift",8,
2026-04-12T15:47:33,Louisiana,print,dry_run,,"Louisiana Topographic Map Print | Elevation Relief Wall Art, State Poster, Terrain Map Gift",8,
2026-04-12T15:47:33,Maine,digital,dry_run,,"Maine Topographic Map Digital Download | Elevation Relief Art, State Map Print, Geography Gift",9,
2026-04-12T15:47:33,Maine,print,dry_run,,"Maine Topographic Map Print | Elevation Relief Wall Art, State Poster, Terrain Map Gift",9,
2026-04-12T15:47:33,Maryland,digital,dry_run,,"Maryland Topographic Map Digital Download | Elevation Relief Art, State Map Print, Geography Gift",8,
2026-04-12T15:47:33,Maryland,print,dry_run,,"Maryland Topographic Map Print | Elevation Relief Wall Art, State Poster, Terrain Map Gift",8,
2026-04-12T15:47:33,Massachusetts,digital,dry_run,,"Massachusetts Topographic Map Digital Download | Elevation Relief Art, State Map Print, Geography Gift",8,
2026-04-12T15:47:33,Massachusetts,print,dry_run,,"Massachusetts Topographic Map Print | Elevation Relief Wall Art, State Poster, Terrain Map Gift",8,
2026-04-12T15:47:33,Michigan,digital,dry_run,,"Michigan Topographic Map Digital Download | Elevation Relief Art, State Map Print, Geography Gift",9,
2026-04-12T15:47:33,Michigan,print,dry_run,,"Michigan Topographic Map Print | Elevation Relief Wall Art, State Poster, Terrain Map Gift",9,
2026-04-12T15:47:33,Minnesota,digital,dry_run,,"Minnesota Topographic Map Digital Download | Elevation Relief Art, State Map Print, Geography Gift",9,
2026-04-12T15:47:33,Minnesota,print,dry_run,,"Minnesota Topographic Map Print | Elevation Relief Wall Art, State Poster, Terrain Map Gift",9,
2026-04-12T15:47:33,Mississippi,digital,dry_run,,"Mississippi Topographic Map Digital Download | Elevation Relief Art, State Map Print, Geography Gift",9,
2026-04-12T15:47:33,Mississippi,print,dry_run,,"Mississippi Topographic Map Print | Elevation Relief Wall Art, State Poster, Terrain Map Gift",9,
2026-04-12T15:47:33,Missouri,digital,dry_run,,"Missouri Topographic Map Digital Download | Elevation Relief Art, State Map Print, Geography Gift",8,
2026-04-12T15:47:33,Missouri,print,dry_run,,"Missouri Topographic Map Print | Elevation Relief Wall Art, State Poster, Terrain Map Gift",8,
2026-04-12T15:47:33,Montana,digital,dry_run,,"Montana Topographic Map Digital Download | Elevation Relief Art, State Map Print, Geography Gift",8,
2026-04-12T15:47:33,Montana,print,dry_run,,"Montana Topographic Map Print | Elevation Relief Wall Art, State Poster, Terrain Map Gift",8,
2026-04-12T15:47:33,Nebraska,digital,dry_run,,"Nebraska Topographic Map Digital Download | Elevation Relief Art, State Map Print, Geography Gift",8,
2026-04-12T15:47:33,Nebraska,print,dry_run,,"Nebraska Topographic Map Print | Elevation Relief Wall Art, State Poster, Terrain Map Gift",8,
2026-04-12T15:47:33,Nevada,digital,dry_run,,"Nevada Topographic Map Digital Download | Elevation Relief Art, State Map Print, Geography Gift",9,
2026-04-12T15:47:33,Nevada,print,dry_run,,"Nevada Topographic Map Print | Elevation Relief Wall Art, State Poster, Terrain Map Gift",9,
2026-04-12T15:47:33,NewHampshire,digital,dry_run,,"New Hampshire Topographic Map Digital Download | Elevation Relief Art, State Map Print, Geography Gift",9,
2026-04-12T15:47:33,NewHampshire,print,dry_run,,"New Hampshire Topographic Map Print | Elevation Relief Wall Art, State Poster, Terrain Map Gift",9,
2026-04-12T15:47:33,NewJersey,digital,dry_run,,"New Jersey Topographic Map Digital Download | Elevation Relief Art, State Map Print, Geography Gift",9,
2026-04-12T15:47:33,NewJersey,print,dry_run,,"New Jersey Topographic Map Print | Elevation Relief Wall Art, State Poster, Terrain Map Gift",9,
2026-04-12T15:47:33,NewMexico,digital,dry_run,,"New Mexico Topographic Map Digital Download | Elevation Relief Art, State Map Print, Geography Gift",9,
2026-04-12T15:47:33,NewMexico,print,dry_run,,"New Mexico Topographic Map Print | Elevation Relief Wall Art, State Poster, Terrain Map Gift",9,
2026-04-12T15:47:33,NewYork,digital,dry_run,,"New York Topographic Map Digital Download | Elevation Relief Art, State Map Print, Geography Gift",8,
2026-04-12T15:47:33,NewYork,print,dry_run,,"New York Topographic Map Print | Elevation Relief Wall Art, State Poster, Terrain Map Gift",8,
2026-04-12T15:47:33,NorthCarolina,digital,dry_run,,"North Carolina Topographic Map Digital Download | Elevation Relief Art, State Map Print, Geography Gift",8,
2026-04-12T15:47:33,NorthCarolina,print,dry_run,,"North Carolina Topographic Map Print | Elevation Relief Wall Art, State Poster, Terrain Map Gift",8,
2026-04-12T15:47:33,NorthDakota,digital,dry_run,,"North Dakota Topographic Map Digital Download | Elevation Relief Art, State Map Print, Geography Gift",8,
2026-04-12T15:47:33,NorthDakota,print,dry_run,,"North Dakota Topographic Map Print | Elevation Relief Wall Art, State Poster, Terrain Map Gift",8,
2026-04-12T15:47:33,Ohio,digital,dry_run,,"Ohio Topographic Map Digital Download | Elevation Relief Art, State Map Print, Geography Gift",9,
2026-04-12T15:47:33,Ohio,print,dry_run,,"Ohio Topographic Map Print | Elevation Relief Wall Art, State Poster, Terrain Map Gift",9,
2026-04-12T15:47:33,Oklahoma,digital,dry_run,,"Oklahoma Topographic Map Digital Download | Elevation Relief Art, State Map Print, Geography Gift",8,
2026-04-12T15:47:33,Oklahoma,print,dry_run,,"Oklahoma Topographic Map Print | Elevation Relief Wall Art, State Poster, Terrain Map Gift",8,
2026-04-12T15:47:33,Oregon,digital,dry_run,,"Oregon Topographic Map Digital Download | Elevation Relief Art, State Map Print, Geography Gift",8,
2026-04-12T15:47:33,Oregon,print,dry_run,,"Oregon Topographic Map Print | Elevation Relief Wall Art, State Poster, Terrain Map Gift",8,
2026-04-12T15:47:33,Pennsylvania,digital,dry_run,,"Pennsylvania Topographic Map Digital Download | Elevation Relief Art, State Map Print, Geography Gift",8,
2026-04-12T15:47:33,Pennsylvania,print,dry_run,,"Pennsylvania Topographic Map Print | Elevation Relief Wall Art, State Poster, Terrain Map Gift",8,
2026-04-12T15:47:33,RhodeIsland,digital,dry_run,,"Rhode Island Topographic Map Digital Download | Elevation Relief Art, State Map Print, Geography Gift",9,
2026-04-12T15:47:33,RhodeIsland,print,dry_run,,"Rhode Island Topographic Map Print | Elevation Relief Wall Art, State Poster, Terrain Map Gift",9,
2026-04-12T15:47:33,SouthCarolina,digital,dry_run,,"South Carolina Topographic Map Digital Download | Elevation Relief Art, State Map Print, Geography Gift",8,
2026-04-12T15:47:33,SouthCarolina,print,dry_run,,"South Carolina Topographic Map Print | Elevation Relief Wall Art, State Poster, Terrain Map Gift",8,
2026-04-12T15:47:33,SouthDakota,digital,dry_run,,"South Dakota Topographic Map Digital Download | Elevation Relief Art, State Map Print, Geography Gift",8,
2026-04-12T15:47:33,SouthDakota,print,dry_run,,"South Dakota Topographic Map Print | Elevation Relief Wall Art, State Poster, Terrain Map Gift",8,
2026-04-12T15:47:33,Tennessee,digital,dry_run,,"Tennessee Topographic Map Digital Download | Elevation Relief Art, State Map Print, Geography Gift",8,
2026-04-12T15:47:33,Tennessee,print,dry_run,,"Tennessee Topographic Map Print | Elevation Relief Wall Art, State Poster, Terrain Map Gift",8,
2026-04-12T15:47:33,Texas,digital,dry_run,,"Texas Topographic Map Digital Download | Elevation Relief Art, State Map Print, Geography Gift",8,
2026-04-12T15:47:33,Texas,print,dry_run,,"Texas Topographic Map Print | Elevation Relief Wall Art, State Poster, Terrain Map Gift",8,
2026-04-12T15:47:33,Utah,digital,dry_run,,"Utah Topographic Map Digital Download | Elevation Relief Art, State Map Print, Geography Gift",9,
2026-04-12T15:47:33,Utah,print,dry_run,,"Utah Topographic Map Print | Elevation Relief Wall Art, State Poster, Terrain Map Gift",9,
2026-04-12T15:47:33,Vermont,digital,dry_run,,"Vermont Topographic Map Digital Download | Elevation Relief Art, State Map Print, Geography Gift",9,
2026-04-12T15:47:33,Vermont,print,dry_run,,"Vermont Topographic Map Print | Elevation Relief Wall Art, State Poster, Terrain Map Gift",9,
2026-04-12T15:47:33,Virginia,digital,dry_run,,"Virginia Topographic Map Digital Download | Elevation Relief Art, State Map Print, Geography Gift",8,
2026-04-12T15:47:33,Virginia,print,dry_run,,"Virginia Topographic Map Print | Elevation Relief Wall Art, State Poster, Terrain Map Gift",8,
2026-04-12T15:47:33,Washington,digital,dry_run,,"Washington Topographic Map Digital Download | Elevation Relief Art, State Map Print, Geography Gift",8,
2026-04-12T15:47:33,Washington,print,dry_run,,"Washington Topographic Map Print | Elevation Relief Wall Art, State Poster, Terrain Map Gift",8,
2026-04-12T15:47:33,WestVirginia,digital,dry_run,,"West Virginia Topographic Map Digital Download | Elevation Relief Art, State Map Print, Geography Gift",8,
2026-04-12T15:47:33,WestVirginia,print,dry_run,,"West Virginia Topographic Map Print | Elevation Relief Wall Art, State Poster, Terrain Map Gift",8,
2026-04-12T15:47:33,Wisconsin,digital,dry_run,,"Wisconsin Topographic Map Digital Download | Elevation Relief Art, State Map Print, Geography Gift",9,
2026-04-12T15:47:33,Wisconsin,print,dry_run,,"Wisconsin Topographic Map Print | Elevation Relief Wall Art, State Poster, Terrain Map Gift",9,
2026-04-12T15:47:33,Wyoming,digital,dry_run,,"Wyoming Topographic Map Digital Download | Elevation Relief Art, State Map Print, Geography Gift",8,
2026-04-12T15:47:33,Wyoming,print,dry_run,,"Wyoming Topographic Map Print | Elevation Relief Wall Art, State Poster, Terrain Map Gift",8,
2026-04-12T15:49:37,Alabama,digital,draft_created,4487554704,"Alabama Topographic Map Digital Download | Elevation Relief Art, State Map Print, Geography Gift",9,
2026-04-12T15:50:03,Alabama,print,draft_created,4487546163,"Alabama Topographic Map Print | Elevation Relief Wall Art, State Poster, Terrain Map Gift",9,
2026-04-12T15:50:22,Alaska,digital,draft_created,4487555068,"Alaska Topographic Map Digital Download | Elevation Relief Art, State Map Print, Geography Gift",8,
2026-04-12T15:50:44,Alaska,print,draft_created,4487555214,"Alaska Topographic Map Print | Elevation Relief Wall Art, State Poster, Terrain Map Gift",8,
2026-04-12T15:51:09,Arizona,digital,draft_created,4487555416,"Arizona Topographic Map Digital Download | Elevation Relief Art, State Map Print, Geography Gift",9,
2026-04-12T15:51:37,Arizona,print,draft_created,4487546769,"Arizona Topographic Map Print | Elevation Relief Wall Art, State Poster, Terrain Map Gift",9,
2026-04-12T15:51:56,Arkansas,digital,draft_created,4487546953,"Arkansas Topographic Map Digital Download | Elevation Relief Art, State Map Print, Geography Gift",8,
2026-04-12T15:52:18,Arkansas,print,draft_created,4487547127,"Arkansas Topographic Map Print | Elevation Relief Wall Art, State Poster, Terrain Map Gift",8,
2026-04-12T15:52:45,California,digital,draft_created,4487547273,"California Topographic Map Digital Download | Elevation Relief Art, State Map Print, Geography Gift",9,
2026-04-12T15:53:11,California,print,draft_created,4487547429,"California Topographic Map Print | Elevation Relief Wall Art, State Poster, Terrain Map Gift",9,
2026-04-12T15:53:32,Colorado,digital,draft_created,4487547603,"Colorado Topographic Map Digital Download | Elevation Relief Art, State Map Print, Geography Gift",8,
2026-04-12T15:53:52,Colorado,print,draft_created,4487547715,"Colorado Topographic Map Print | Elevation Relief Wall Art, State Poster, Terrain Map Gift",8,
2026-04-12T15:54:12,Connecticut,digital,draft_created,4487556716,"Connecticut Topographic Map Digital Download | Elevation Relief Art, State Map Print, Geography Gift",8,
2026-04-12T15:54:31,Connecticut,print,draft_created,4487556826,"Connecticut Topographic Map Print | Elevation Relief Wall Art, State Poster, Terrain Map Gift",8,
2026-04-12T15:54:58,Delaware,digital,draft_created,4487548121,"Delaware Topographic Map Digital Download | Elevation Relief Art, State Map Print, Geography Gift",9,
2026-04-12T15:55:23,Delaware,print,draft_created,4487548345,"Delaware Topographic Map Print | Elevation Relief Wall Art, State Poster, Terrain Map Gift",9,
2026-04-12T15:55:43,Florida,digital,draft_created,4487548553,"Florida Topographic Map Digital Download | Elevation Relief Art, State Map Print, Geography Gift",8,
2026-04-12T15:56:06,Florida,print,draft_created,4487548721,"Florida Topographic Map Print | Elevation Relief Wall Art, State Poster, Terrain Map Gift",8,
2026-04-12T15:56:30,Georgia,digital,draft_created,4487557698,"Georgia Topographic Map Digital Download | Elevation Relief Art, State Map Print, Geography Gift",9,
2026-04-12T15:56:57,Georgia,print,draft_created,4487549059,"Georgia Topographic Map Print | Elevation Relief Wall Art, State Poster, Terrain Map Gift",9,
2026-04-12T15:57:17,Hawaii,digital,draft_created,4487558038,"Hawaii Topographic Map Digital Download | Elevation Relief Art, State Map Print, Geography Gift",8,
2026-04-12T15:57:37,Hawaii,print,draft_created,4487558180,"Hawaii Topographic Map Print | Elevation Relief Wall Art, State Poster, Terrain Map Gift",8,
2026-04-12T15:58:03,Idaho,digital,draft_created,4487558308,"Idaho Topographic Map Digital Download | Elevation Relief Art, State Map Print, Geography Gift",9,
2026-04-12T15:58:30,Idaho,print,draft_created,4487549739,"Idaho Topographic Map Print | Elevation Relief Wall Art, State Poster, Terrain Map Gift",9,
2026-04-12T15:59:02,Illinois,digital,draft_created,4487558652,"Illinois Topographic Map Digital Download | Elevation Relief Art, State Map Print, Geography Gift",9,
2026-04-12T15:59:31,Illinois,print,draft_created,4487550205,"Illinois Topographic Map Print | Elevation Relief Wall Art, State Poster, Terrain Map Gift",9,
2026-04-12T15:59:56,Indiana,digital,draft_created,4487559096,"Indiana Topographic Map Digital Download | Elevation Relief Art, State Map Print, Geography Gift",9,
2026-04-12T16:00:21,Indiana,print,draft_created,4487550629,"Indiana Topographic Map Print | Elevation Relief Wall Art, State Poster, Terrain Map Gift",9,
2026-04-12T16:00:41,Iowa,digital,draft_created,4487559452,"Iowa Topographic Map Digital Download | Elevation Relief Art, State Map Print, Geography Gift",8,
2026-04-12T16:01:09,Iowa,print,draft_created,4487550987,"Iowa Topographic Map Print | Elevation Relief Wall Art, State Poster, Terrain Map Gift",8,
2026-04-12T16:01:30,Kansas,digital,draft_created,4487559754,"Kansas Topographic Map Digital Download | Elevation Relief Art, State Map Print, Geography Gift",8,
2026-04-12T16:01:57,Kansas,print,draft_created,4487551313,"Kansas Topographic Map Print | Elevation Relief Wall Art, State Poster, Terrain Map Gift",8,
2026-04-12T16:02:22,Kentucky,digital,draft_created,4487560116,"Kentucky Topographic Map Digital Download | Elevation Relief Art, State Map Print, Geography Gift",8,
2026-04-12T16:02:47,Kentucky,print,draft_created,4487560302,"Kentucky Topographic Map Print | Elevation Relief Wall Art, State Poster, Terrain Map Gift",8,
2026-04-12T16:03:13,Louisiana,digital,draft_created,4487551895,"Louisiana Topographic Map Digital Download | Elevation Relief Art, State Map Print, Geography Gift",8,
2026-04-12T16:03:33,Louisiana,print,draft_created,4487552097,"Louisiana Topographic Map Print | Elevation Relief Wall Art, State Poster, Terrain Map Gift",8,
2026-04-12T16:03:57,Maine,digital,draft_created,4487560834,"Maine Topographic Map Digital Download | Elevation Relief Art, State Map Print, Geography Gift",9,
2026-04-12T16:04:25,Maine,print,draft_created,4487552455,"Maine Topographic Map Print | Elevation Relief Wall Art, State Poster, Terrain Map Gift",9,
2026-04-12T16:04:47,Maryland,digital,draft_created,4487552671,"Maryland Topographic Map Digital Download | Elevation Relief Art, State Map Print, Geography Gift",8,
2026-04-12T16:05:06,Maryland,print,draft_created,4487552825,"Maryland Topographic Map Print | Elevation Relief Wall Art, State Poster, Terrain Map Gift",8,
2026-04-12T16:05:26,Massachusetts,digital,draft_created,4487561508,"Massachusetts Topographic Map Digital Download | Elevation Relief Art, State Map Print, Geography Gift",8,
2026-04-12T16:05:45,Massachusetts,print,draft_created,4487553081,"Massachusetts Topographic Map Print | Elevation Relief Wall Art, State Poster, Terrain Map Gift",8,
2026-04-12T16:06:10,Michigan,digital,draft_created,4487561784,"Michigan Topographic Map Digital Download | Elevation Relief Art, State Map Print, Geography Gift",9,
2026-04-12T16:06:38,Michigan,print,draft_created,4487553385,"Michigan Topographic Map Print | Elevation Relief Wall Art, State Poster, Terrain Map Gift",9,
2026-04-12T16:07:05,Minnesota,digital,draft_created,4487562194,"Minnesota Topographic Map Digital Download | Elevation Relief Art, State Map Print, Geography Gift",9,
2026-04-12T16:07:35,Minnesota,print,draft_created,4487553789,"Minnesota Topographic Map Print | Elevation Relief Wall Art, State Poster, Terrain Map Gift",9,
2026-04-12T16:07:59,Mississippi,digital,draft_created,4487562572,"Mississippi Topographic Map Digital Download | Elevation Relief Art, State Map Print, Geography Gift",9,
2026-04-12T16:08:24,Mississippi,print,draft_created,4487562740,"Mississippi Topographic Map Print | Elevation Relief Wall Art, State Poster, Terrain Map Gift",9,
2026-04-12T16:08:42,Missouri,digital,draft_created,4487562928,"Missouri Topographic Map Digital Download | Elevation Relief Art, State Map Print, Geography Gift",8,
2026-04-12T16:09:03,Missouri,print,draft_created,4487554455,"Missouri Topographic Map Print | Elevation Relief Wall Art, State Poster, Terrain Map Gift",8,
2026-04-12T16:09:24,Montana,digital,draft_created,4487554607,"Montana Topographic Map Digital Download | Elevation Relief Art, State Map Print, Geography Gift",8,
2026-04-12T16:09:43,Montana,print,draft_created,4487563324,"Montana Topographic Map Print | Elevation Relief Wall Art, State Poster, Terrain Map Gift",8,
2026-04-12T16:10:04,Nebraska,digital,draft_created,4487554887,"Nebraska Topographic Map Digital Download | Elevation Relief Art, State Map Print, Geography Gift",8,
2026-04-12T16:10:25,Nebraska,print,draft_created,4487563616,"Nebraska Topographic Map Print | Elevation Relief Wall Art, State Poster, Terrain Map Gift",8,
2026-04-12T16:10:51,Nevada,digital,draft_created,4487555219,"Nevada Topographic Map Digital Download | Elevation Relief Art, State Map Print, Geography Gift",9,
2026-04-12T16:11:15,Nevada,print,draft_created,4487564004,"Nevada Topographic Map Print | Elevation Relief Wall Art, State Poster, Terrain Map Gift",9,
2026-04-12T16:11:41,NewHampshire,digital,draft_created,4487555607,"New Hampshire Topographic Map Digital Download | Elevation Relief Art, State Map Print, Geography Gift",9,
2026-04-12T16:12:13,NewHampshire,print,draft_created,4487555825,"New Hampshire Topographic Map Print | Elevation Relief Wall Art, State Poster, Terrain Map Gift",9,
2026-04-12T16:12:38,NewJersey,digital,draft_created,4487556037,"New Jersey Topographic Map Digital Download | Elevation Relief Art, State Map Print, Geography Gift",9,
2026-04-12T16:13:03,NewJersey,print,draft_created,4487564842,"New Jersey Topographic Map Print | Elevation Relief Wall Art, State Poster, Terrain Map Gift",9,
2026-04-12T16:13:27,NewMexico,digital,draft_created,4487564996,"New Mexico Topographic Map Digital Download | Elevation Relief Art, State Map Print, Geography Gift",9,
2026-04-12T16:13:54,NewMexico,print,draft_created,4487565160,"New Mexico Topographic Map Print | Elevation Relief Wall Art, State Poster, Terrain Map Gift",9,
2026-04-12T16:14:13,NewYork,digital,draft_created,4487556815,"New York Topographic Map Digital Download | Elevation Relief Art, State Map Print, Geography Gift",8,
2026-04-12T16:14:33,NewYork,print,draft_created,4487556947,"New York Topographic Map Print | Elevation Relief Wall Art, State Poster, Terrain Map Gift",8,
2026-04-12T16:14:57,NorthCarolina,digital,draft_created,4487565676,"North Carolina Topographic Map Digital Download | Elevation Relief Art, State Map Print, Geography Gift",8,
2026-04-12T16:15:17,NorthCarolina,print,draft_created,4487557307,"North Carolina Topographic Map Print | Elevation Relief Wall Art, State Poster, Terrain Map Gift",8,
2026-04-12T16:15:39,NorthDakota,digital,draft_created,4487557443,"North Dakota Topographic Map Digital Download | Elevation Relief Art, State Map Print, Geography Gift",8,
2026-04-12T16:15:59,NorthDakota,print,draft_created,4487557581,"North Dakota Topographic Map Print | Elevation Relief Wall Art, State Poster, Terrain Map Gift",8,
2026-04-12T16:16:24,Ohio,digital,draft_created,4487566322,"Ohio Topographic Map Digital Download | Elevation Relief Art, State Map Print, Geography Gift",9,
2026-04-12T16:16:53,Ohio,print,draft_created,4487566514,"Ohio Topographic Map Print | Elevation Relief Wall Art, State Poster, Terrain Map Gift",9,
2026-04-12T16:17:16,Oklahoma,digital,draft_created,4487558159,"Oklahoma Topographic Map Digital Download | Elevation Relief Art, State Map Print, Geography Gift",8,
2026-04-12T16:17:35,Oklahoma,print,draft_created,4487566918,"Oklahoma Topographic Map Print | Elevation Relief Wall Art, State Poster, Terrain Map Gift",8,
2026-04-12T16:17:56,Oregon,digital,draft_created,4487558509,"Oregon Topographic Map Digital Download | Elevation Relief Art, State Map Print, Geography Gift",8,
2026-04-12T16:18:18,Oregon,print,draft_created,4487567212,"Oregon Topographic Map Print | Elevation Relief Wall Art, State Poster, Terrain Map Gift",8,
2026-04-12T16:18:45,Pennsylvania,digital,draft_created,4487567410,"Pennsylvania Topographic Map Digital Download | Elevation Relief Art, State Map Print, Geography Gift",8,
2026-04-12T16:19:06,Pennsylvania,print,draft_created,4487567608,"Pennsylvania Topographic Map Print | Elevation Relief Wall Art, State Poster, Terrain Map Gift",8,
2026-04-12T16:19:36,RhodeIsland,digital,draft_created,4487559211,"Rhode Island Topographic Map Digital Download | Elevation Relief Art, State Map Print, Geography Gift",9,
2026-04-12T16:20:00,RhodeIsland,print,draft_created,4487567962,"Rhode Island Topographic Map Print | Elevation Relief Wall Art, State Poster, Terrain Map Gift",9,
2026-04-12T16:20:22,SouthCarolina,digital,draft_created,4487568146,"South Carolina Topographic Map Digital Download | Elevation Relief Art, State Map Print, Geography Gift",8,
2026-04-12T16:20:40,SouthCarolina,print,draft_created,4487559749,"South Carolina Topographic Map Print | Elevation Relief Wall Art, State Poster, Terrain Map Gift",8,
2026-04-12T16:21:02,SouthDakota,digital,draft_created,4487568434,"South Dakota Topographic Map Digital Download | Elevation Relief Art, State Map Print, Geography Gift",8,
2026-04-12T16:21:22,SouthDakota,print,draft_created,4487568574,"South Dakota Topographic Map Print | Elevation Relief Wall Art, State Poster, Terrain Map Gift",8,
2026-04-12T16:21:40,Tennessee,digital,draft_created,4487560193,"Tennessee Topographic Map Digital Download | Elevation Relief Art, State Map Print, Geography Gift",8,
2026-04-12T16:22:00,Tennessee,print,draft_created,4487568824,"Tennessee Topographic Map Print | Elevation Relief Wall Art, State Poster, Terrain Map Gift",8,
2026-04-12T16:22:22,Texas,digital,draft_created,4487568964,"Texas Topographic Map Digital Download | Elevation Relief Art, State Map Print, Geography Gift",8,
2026-04-12T16:22:42,Texas,print,draft_created,4487569126,"Texas Topographic Map Print | Elevation Relief Wall Art, State Poster, Terrain Map Gift",8,
2026-04-12T16:23:05,Utah,digital,draft_created,4487560725,"Utah Topographic Map Digital Download | Elevation Relief Art, State Map Print, Geography Gift",9,
2026-04-12T16:23:34,Utah,print,draft_created,4487569416,"Utah Topographic Map Print | Elevation Relief Wall Art, State Poster, Terrain Map Gift",9,
2026-04-12T16:24:01,Vermont,digital,draft_created,4487569604,"Vermont Topographic Map Digital Download | Elevation Relief Art, State Map Print, Geography Gift",9,
2026-04-12T16:24:28,Vermont,print,draft_created,4487569790,"Vermont Topographic Map Print | Elevation Relief Wall Art, State Poster, Terrain Map Gift",9,
2026-04-12T16:24:48,Virginia,digital,draft_created,4487561457,"Virginia Topographic Map Digital Download | Elevation Relief Art, State Map Print, Geography Gift",8,
2026-04-12T16:25:10,Virginia,print,draft_created,4487561611,"Virginia Topographic Map Print | Elevation Relief Wall Art, State Poster, Terrain Map Gift",8,
2026-04-12T16:25:29,Washington,digital,draft_created,4487570288,"Washington Topographic Map Digital Download | Elevation Relief Art, State Map Print, Geography Gift",8,
2026-04-12T16:25:49,Washington,print,draft_created,4487570406,"Washington Topographic Map Print | Elevation Relief Wall Art, State Poster, Terrain Map Gift",8,
2026-04-12T16:26:11,WestVirginia,digital,draft_created,4487562015,"West Virginia Topographic Map Digital Download | Elevation Relief Art, State Map Print, Geography Gift",8,
2026-04-12T16:26:30,WestVirginia,print,draft_created,4487570686,"West Virginia Topographic Map Print | Elevation Relief Wall Art, State Poster, Terrain Map Gift",8,
2026-04-12T16:26:58,Wisconsin,digital,draft_created,4487570816,"Wisconsin Topographic Map Digital Download | Elevation Relief Art, State Map Print, Geography Gift",9,
2026-04-12T16:27:23,Wisconsin,print,draft_created,4487562517,"Wisconsin Topographic Map Print | Elevation Relief Wall Art, State Poster, Terrain Map Gift",9,
2026-04-12T16:27:41,Wyoming,digital,draft_created,4487571206,"Wyoming Topographic Map Digital Download | Elevation Relief Art, State Map Print, Geography Gift",8,
2026-04-12T16:28:03,Wyoming,print,draft_created,4487562837,"Wyoming Topographic Map Print | Elevation Relief Wall Art, State Poster, Terrain Map Gift",8,
